grid,ab_bins,l_bins,metric,dims,mAP@1,mAP@5
4,48,16,histogram_intersection,37120,0.9545454545454546,0.9545454545454546
4,48,16,total_variation,37120,0.9545454545454546,0.9545454545454546
5,48,8,histogram_intersection,57800,0.9545454545454546,0.9545454545454546
5,48,8,total_variation,57800,0.9545454545454546,0.9545454545454546
5,48,16,histogram_intersection,58000,0.9545454545454546,0.9545454545454546
5,48,16,total_variation,58000,0.9545454545454546,0.9545454545454546
6,48,8,histogram_intersection,83232,0.9545454545454546,0.9545454545454546
6,48,8,total_variation,83232,0.9545454545454546,0.9545454545454546
6,48,16,histogram_intersection,83520,0.9545454545454546,0.9545454545454546
6,48,16,total_variation,83520,0.9545454545454546,0.9545454545454546
4,48,4,histogram_intersection,36928,0.9090909090909091,0.9318181818181818
4,48,4,total_variation,36928,0.9090909090909091,0.9318181818181818
4,48,8,histogram_intersection,36992,0.9090909090909091,0.9318181818181818
4,48,8,total_variation,36992,0.9090909090909091,0.9318181818181818
5,48,4,histogram_intersection,57700,0.9090909090909091,0.9318181818181818
5,48,4,total_variation,57700,0.9090909090909091,0.9318181818181818
6,48,4,histogram_intersection,83088,0.9090909090909091,0.9318181818181818
6,48,4,total_variation,83088,0.9090909090909091,0.9318181818181818
6,48,16,chi2,83520,0.9090909090909091,0.9318181818181818
3,48,8,histogram_intersection,20808,0.9090909090909091,0.9242424242424242
3,48,8,total_variation,20808,0.9090909090909091,0.9242424242424242
5,48,8,chi2,57800,0.9090909090909091,0.9242424242424242
6,48,8,chi2,83232,0.9090909090909091,0.9242424242424242
6,48,8,jensenshannon,83232,0.8636363636363636,0.9015151515151515
5,48,8,jensenshannon,57800,0.8636363636363636,0.8878787878787878
6,48,8,hellinger,83232,0.8636363636363636,0.8878787878787878
6,48,8,bhattacharyya,83232,0.8636363636363636,0.8878787878787878
5,48,16,chi2,58000,0.8181818181818182,0.8787878787878789
4,48,8,hellinger,36992,0.8636363636363636,0.8787878787878788
4,48,8,bhattacharyya,36992,0.8636363636363636,0.8787878787878788
5,48,8,hellinger,57800,0.8636363636363636,0.8787878787878788
5,48,8,bhattacharyya,57800,0.8636363636363636,0.8787878787878788
6,48,4,chi2,83088,0.8181818181818182,0.8787878787878788
5,96,8,histogram_intersection,230600,0.8636363636363636,0.875
5,96,8,total_variation,230600,0.8636363636363636,0.875
6,96,8,histogram_intersection,332064,0.8636363636363636,0.875
6,96,8,total_variation,332064,0.8636363636363636,0.875
5,96,16,histogram_intersection,230800,0.8636363636363636,0.8636363636363636
5,96,16,total_variation,230800,0.8636363636363636,0.8636363636363636
6,96,16,histogram_intersection,332352,0.8636363636363636,0.8636363636363636
6,96,16,total_variation,332352,0.8636363636363636,0.8636363636363636
6,128,8,histogram_intersection,590112,0.8636363636363636,0.8636363636363636
6,128,8,total_variation,590112,0.8636363636363636,0.8636363636363636
3,48,4,histogram_intersection,20772,0.8181818181818182,0.8636363636363636
3,48,4,total_variation,20772,0.8181818181818182,0.8636363636363636
4,48,4,chi2,36928,0.8181818181818182,0.8636363636363636
5,48,4,hellinger,57700,0.8181818181818182,0.8636363636363636
5,48,4,chi2,57700,0.8181818181818182,0.8636363636363636
5,48,4,bhattacharyya,57700,0.8181818181818182,0.8636363636363636
5,48,4,jensenshannon,57700,0.8181818181818182,0.8636363636363636
6,24,4,histogram_intersection,20880,0.8181818181818182,0.8636363636363636
6,24,4,total_variation,20880,0.8181818181818182,0.8636363636363636
6,24,16,histogram_intersection,21312,0.8181818181818182,0.8636363636363636
6,24,16,total_variation,21312,0.8181818181818182,0.8636363636363636
6,48,4,hellinger,83088,0.8181818181818182,0.8636363636363636
6,48,4,bhattacharyya,83088,0.8181818181818182,0.8636363636363636
6,48,4,jensenshannon,83088,0.8181818181818182,0.8636363636363636
6,24,4,chi2,20880,0.8181818181818182,0.8598484848484849
6,24,4,jensenshannon,20880,0.8181818181818182,0.8598484848484849
6,24,8,histogram_intersection,21024,0.8181818181818182,0.8598484848484849
6,24,8,total_variation,21024,0.8181818181818182,0.8598484848484849
5,24,4,hellinger,14500,0.8181818181818182,0.8560606060606062
5,24,4,chi2,14500,0.8181818181818182,0.8560606060606062
5,24,4,bhattacharyya,14500,0.8181818181818182,0.8560606060606062
5,24,4,jensenshannon,14500,0.8181818181818182,0.8560606060606062
5,96,4,histogram_intersection,230500,0.8181818181818182,0.8560606060606062
5,96,4,total_variation,230500,0.8181818181818182,0.8560606060606062
6,24,4,hellinger,20880,0.8181818181818182,0.8560606060606062
6,24,4,bhattacharyya,20880,0.8181818181818182,0.8560606060606062
6,24,8,jensenshannon,21024,0.8181818181818182,0.8560606060606062
6,48,16,jensenshannon,83520,0.7727272727272727,0.8560606060606062
4,48,8,chi2,36992,0.8181818181818182,0.856060606060606
4,48,8,jensenshannon,36992,0.8181818181818182,0.856060606060606
3,48,16,histogram_intersection,20880,0.7727272727272727,0.856060606060606
3,48,16,total_variation,20880,0.7727272727272727,0.856060606060606
6,96,4,histogram_intersection,331920,0.8181818181818182,0.8522727272727273
6,96,4,total_variation,331920,0.8181818181818182,0.8522727272727273
4,24,4,histogram_intersection,9280,0.8181818181818182,0.8484848484848485
4,24,4,total_variation,9280,0.8181818181818182,0.8484848484848485
5,24,4,histogram_intersection,14500,0.8181818181818182,0.8484848484848485
5,24,4,total_variation,14500,0.8181818181818182,0.8484848484848485
5,48,16,jensenshannon,58000,0.7727272727272727,0.8446969696969698
6,24,8,hellinger,21024,0.8181818181818182,0.8446969696969696
6,24,8,bhattacharyya,21024,0.8181818181818182,0.8446969696969696
5,48,16,hellinger,58000,0.7727272727272727,0.8424242424242425
5,48,16,bhattacharyya,58000,0.7727272727272727,0.8424242424242425
5,24,8,hellinger,14600,0.8181818181818182,0.8424242424242423
5,24,8,bhattacharyya,14600,0.8181818181818182,0.8424242424242423
6,24,16,chi2,21312,0.8181818181818182,0.8424242424242423
5,96,16,chi2,230800,0.8181818181818182,0.8409090909090909
6,96,8,chi2,332064,0.8181818181818182,0.8409090909090909
6,96,16,chi2,332352,0.8181818181818182,0.8409090909090909
6,128,4,histogram_intersection,589968,0.8181818181818182,0.8409090909090909
6,128,4,total_variation,589968,0.8181818181818182,0.8409090909090909
6,128,8,chi2,590112,0.8181818181818182,0.8409090909090909
4,48,4,hellinger,36928,0.7727272727272727,0.8409090909090909
4,48,4,bhattacharyya,36928,0.7727272727272727,0.8409090909090909
4,48,4,jensenshannon,36928,0.7727272727272727,0.8409090909090909
6,48,16,hellinger,83520,0.7727272727272727,0.8371212121212122
6,48,16,bhattacharyya,83520,0.7727272727272727,0.8371212121212122
4,24,8,chi2,9344,0.8181818181818182,0.8363636363636363
4,24,4,chi2,9280,0.8181818181818182,0.8333333333333335
6,24,8,chi2,21024,0.7727272727272727,0.8333333333333335
5,24,8,jensenshannon,14600,0.8181818181818182,0.8333333333333333
6,96,16,jensenshannon,332352,0.8181818181818182,0.8333333333333333
4,24,8,jensenshannon,9344,0.8181818181818182,0.8295454545454546
5,24,8,chi2,14600,0.8181818181818182,0.8295454545454546
6,96,8,jensenshannon,332064,0.8181818181818182,0.8295454545454546
3,48,4,chi2,20772,0.7727272727272727,0.8295454545454546
4,24,8,hellinger,9344,0.8181818181818182,0.8272727272727273
4,24,8,bhattacharyya,9344,0.8181818181818182,0.8272727272727273
5,96,8,chi2,230600,0.8181818181818182,0.8272727272727273
6,96,8,hellinger,332064,0.8181818181818182,0.8272727272727273
6,96,8,bhattacharyya,332064,0.8181818181818182,0.8272727272727273
6,128,8,jensenshannon,590112,0.8181818181818182,0.8272727272727273
4,96,8,histogram_intersection,147584,0.7727272727272727,0.8272727272727273
4,96,8,total_variation,147584,0.7727272727272727,0.8272727272727273
5,24,16,histogram_intersection,14800,0.7727272727272727,0.8272727272727273
5,24,16,total_variation,14800,0.7727272727272727,0.8272727272727273
4,48,16,chi2,37120,0.7727272727272727,0.8219696969696971
4,48,16,hellinger,37120,0.7727272727272727,0.8196969696969696
4,48,16,bhattacharyya,37120,0.7727272727272727,0.8196969696969696
5,96,8,hellinger,230600,0.8181818181818182,0.8181818181818182
5,96,8,bhattacharyya,230600,0.8181818181818182,0.8181818181818182
5,96,8,jensenshannon,230600,0.8181818181818182,0.8181818181818182
5,96,16,hellinger,230800,0.8181818181818182,0.8181818181818182
5,96,16,bhattacharyya,230800,0.8181818181818182,0.8181818181818182
5,96,16,jensenshannon,230800,0.8181818181818182,0.8181818181818182
6,96,16,hellinger,332352,0.8181818181818182,0.8181818181818182
6,96,16,bhattacharyya,332352,0.8181818181818182,0.8181818181818182
6,128,8,hellinger,590112,0.8181818181818182,0.8181818181818182
6,128,8,bhattacharyya,590112,0.8181818181818182,0.8181818181818182
4,96,16,histogram_intersection,147712,0.7727272727272727,0.8181818181818182
4,96,16,total_variation,147712,0.7727272727272727,0.8181818181818182
5,24,16,jensenshannon,14800,0.7727272727272727,0.8181818181818182
5,128,8,histogram_intersection,409800,0.7727272727272727,0.8181818181818182
5,128,8,total_variation,409800,0.7727272727272727,0.8181818181818182
5,128,16,histogram_intersection,410000,0.7727272727272727,0.8181818181818182
5,128,16,total_variation,410000,0.7727272727272727,0.8181818181818182
6,128,16,histogram_intersection,590400,0.7727272727272727,0.8181818181818182
6,128,16,chi2,590400,0.7727272727272727,0.8181818181818182
6,128,16,total_variation,590400,0.7727272727272727,0.8181818181818182
5,24,8,histogram_intersection,14600,0.7727272727272727,0.8143939393939394
5,24,8,total_variation,14600,0.7727272727272727,0.8143939393939394
6,96,4,chi2,331920,0.7727272727272727,0.8136363636363636
3,24,4,histogram_intersection,5220,0.7727272727272727,0.8121212121212121
3,24,4,total_variation,5220,0.7727272727272727,0.8121212121212121
5,24,16,chi2,14800,0.7727272727272727,0.8106060606060607
6,24,16,jensenshannon,21312,0.7727272727272727,0.8106060606060607
3,48,8,chi2,20808,0.7272727272727273,0.8106060606060607
2,48,4,histogram_intersection,9232,0.7727272727272727,0.8106060606060606
2,48,4,total_variation,9232,0.7727272727272727,0.8106060606060606
5,24,16,hellinger,14800,0.7727272727272727,0.8106060606060606
5,24,16,bhattacharyya,14800,0.7727272727272727,0.8106060606060606
5,128,4,histogram_intersection,409700,0.7727272727272727,0.8106060606060606
5,128,4,total_variation,409700,0.7727272727272727,0.8106060606060606
6,24,16,hellinger,21312,0.7727272727272727,0.8106060606060606
6,24,16,bhattacharyya,21312,0.7727272727272727,0.8106060606060606
6,128,16,jensenshannon,590400,0.7727272727272727,0.8106060606060606
4,24,8,histogram_intersection,9344,0.7727272727272727,0.8083333333333332
4,24,8,total_variation,9344,0.7727272727272727,0.8083333333333332
5,96,4,hellinger,230500,0.7727272727272727,0.8068181818181818
5,96,4,bhattacharyya,230500,0.7727272727272727,0.8068181818181818
5,96,4,jensenshannon,230500,0.7727272727272727,0.8068181818181818
3,48,4,hellinger,20772,0.7272727272727273,0.8068181818181818
3,48,4,bhattacharyya,20772,0.7272727272727273,0.8068181818181818
3,48,4,jensenshannon,20772,0.7272727272727273,0.8068181818181818
4,48,16,jensenshannon,37120,0.7272727272727273,0.8068181818181818
5,96,4,chi2,230500,0.7727272727272727,0.8045454545454546
6,96,4,hellinger,331920,0.7727272727272727,0.8045454545454546
6,96,4,bhattacharyya,331920,0.7727272727272727,0.8045454545454546
4,24,4,hellinger,9280,0.7727272727272727,0.8030303030303031
4,24,4,bhattacharyya,9280,0.7727272727272727,0.8030303030303031
4,24,4,jensenshannon,9280,0.7727272727272727,0.8030303030303031
3,48,8,hellinger,20808,0.7272727272727273,0.8030303030303029
3,48,8,bhattacharyya,20808,0.7272727272727273,0.8030303030303029
4,96,4,histogram_intersection,147520,0.7272727272727273,0.8030303030303029
4,96,4,total_variation,147520,0.7272727272727273,0.8030303030303029
4,24,16,chi2,9472,0.7727272727272727,0.8022727272727272
4,24,16,jensenshannon,9472,0.7727272727272727,0.7992424242424242
3,24,8,chi2,5256,0.7727272727272727,0.7954545454545454
4,96,8,hellinger,147584,0.7727272727272727,0.7954545454545454
4,96,8,chi2,147584,0.7727272727272727,0.7954545454545454
4,96,8,bhattacharyya,147584,0.7727272727272727,0.7954545454545454
4,96,8,jensenshannon,147584,0.7727272727272727,0.7954545454545454
4,96,16,hellinger,147712,0.7727272727272727,0.7954545454545454
4,96,16,bhattacharyya,147712,0.7727272727272727,0.7954545454545454
5,128,8,hellinger,409800,0.7727272727272727,0.7954545454545454
5,128,8,chi2,409800,0.7727272727272727,0.7954545454545454
5,128,8,bhattacharyya,409800,0.7727272727272727,0.7954545454545454
5,128,8,jensenshannon,409800,0.7727272727272727,0.7954545454545454
5,128,16,hellinger,410000,0.7727272727272727,0.7954545454545454
5,128,16,bhattacharyya,410000,0.7727272727272727,0.7954545454545454
6,96,4,jensenshannon,331920,0.7727272727272727,0.7954545454545454
6,128,4,hellinger,589968,0.7727272727272727,0.7954545454545454
6,128,4,bhattacharyya,589968,0.7727272727272727,0.7954545454545454
6,128,4,jensenshannon,589968,0.7727272727272727,0.7954545454545454
6,128,16,hellinger,590400,0.7727272727272727,0.7954545454545454
6,128,16,bhattacharyya,590400,0.7727272727272727,0.7954545454545454
3,48,8,jensenshannon,20808,0.7272727272727273,0.7954545454545454
4,128,16,histogram_intersection,262400,0.7272727272727273,0.7954545454545454
4,128,16,total_variation,262400,0.7272727272727273,0.7954545454545454
4,24,16,histogram_intersection,9472,0.7727272727272727,0.787878787878788
4,24,16,total_variation,9472,0.7727272727272727,0.787878787878788
5,128,16,chi2,410000,0.7272727272727273,0.7878787878787878
2,48,8,histogram_intersection,9248,0.7272727272727273,0.7840909090909091
2,48,8,total_variation,9248,0.7272727272727273,0.7840909090909091
5,128,4,hellinger,409700,0.7272727272727273,0.7818181818181817
5,128,4,bhattacharyya,409700,0.7272727272727273,0.7818181818181817
3,48,16,hellinger,20880,0.6818181818181818,0.7818181818181817
3,48,16,bhattacharyya,20880,0.6818181818181818,0.7818181818181817
3,48,16,jensenshannon,20880,0.6818181818181818,0.7818181818181817
3,96,4,histogram_intersection,82980,0.7272727272727273,0.7803030303030302
3,96,4,total_variation,82980,0.7272727272727273,0.7803030303030302
4,24,16,hellinger,9472,0.7272727272727273,0.7765151515151516
4,24,16,bhattacharyya,9472,0.7272727272727273,0.7765151515151516
3,96,4,hellinger,82980,0.7272727272727273,0.7727272727272727
3,96,4,bhattacharyya,82980,0.7272727272727273,0.7727272727272727
4,96,4,hellinger,147520,0.7272727272727273,0.7727272727272727
4,96,4,chi2,147520,0.7272727272727273,0.7727272727272727
4,96,4,bhattacharyya,147520,0.7272727272727273,0.7727272727272727
4,96,4,jensenshannon,147520,0.7272727272727273,0.7727272727272727
4,128,4,histogram_intersection,262208,0.7272727272727273,0.7727272727272727
4,128,4,total_variation,262208,0.7272727272727273,0.7727272727272727
4,128,8,hellinger,262272,0.7272727272727273,0.7727272727272727
4,128,8,chi2,262272,0.7272727272727273,0.7727272727272727
4,128,8,bhattacharyya,262272,0.7272727272727273,0.7727272727272727
4,128,8,jensenshannon,262272,0.7272727272727273,0.7727272727272727
4,128,16,hellinger,262400,0.7272727272727273,0.7727272727272727
4,128,16,chi2,262400,0.7272727272727273,0.7727272727272727
4,128,16,bhattacharyya,262400,0.7272727272727273,0.7727272727272727
4,128,16,jensenshannon,262400,0.7272727272727273,0.7727272727272727
5,128,4,jensenshannon,409700,0.7272727272727273,0.7727272727272727
5,128,16,jensenshannon,410000,0.7272727272727273,0.7727272727272727
6,128,4,chi2,589968,0.7272727272727273,0.7727272727272727
3,48,16,chi2,20880,0.6818181818181818,0.7727272727272727
3,24,8,histogram_intersection,5256,0.7272727272727273,0.771969696969697
3,24,8,total_variation,5256,0.7272727272727273,0.771969696969697
2,48,16,histogram_intersection,9280,0.6818181818181818,0.7651515151515151
2,48,16,total_variation,9280,0.6818181818181818,0.7651515151515151
3,24,16,jensenshannon,5328,0.7272727272727273,0.7613636363636364
3,96,8,histogram_intersection,83016,0.7272727272727273,0.7613636363636364
3,96,8,total_variation,83016,0.7272727272727273,0.7613636363636364
5,8,4,hellinger,1700,0.7272727272727273,0.7613636363636364
5,8,4,chi2,1700,0.7272727272727273,0.7613636363636364
5,8,4,bhattacharyya,1700,0.7272727272727273,0.7613636363636364
5,8,4,jensenshannon,1700,0.7272727272727273,0.7613636363636364
6,8,4,hellinger,2448,0.7272727272727273,0.7613636363636364
6,8,4,chi2,2448,0.7272727272727273,0.7613636363636364
6,8,4,bhattacharyya,2448,0.7272727272727273,0.7613636363636364
6,8,4,jensenshannon,2448,0.7272727272727273,0.7613636363636364
6,8,4,histogram_intersection,2448,0.7272727272727273,0.7606060606060606
6,8,4,total_variation,2448,0.7272727272727273,0.7606060606060606
3,24,4,chi2,5220,0.6818181818181818,0.7575757575757577
4,8,4,chi2,1088,0.7272727272727273,0.7537878787878788
4,8,4,jensenshannon,1088,0.7272727272727273,0.7537878787878788
3,24,16,histogram_intersection,5328,0.7272727272727273,0.7515151515151515
3,24,16,total_variation,5328,0.7272727272727273,0.7515151515151515
5,8,4,histogram_intersection,1700,0.7272727272727273,0.7515151515151515
5,8,4,total_variation,1700,0.7272727272727273,0.7515151515151515
2,24,4,histogram_intersection,2320,0.6818181818181818,0.7515151515151515
2,24,4,total_variation,2320,0.6818181818181818,0.7515151515151515
3,24,8,jensenshannon,5256,0.6818181818181818,0.75
3,96,4,chi2,82980,0.6818181818181818,0.75
3,96,4,jensenshannon,82980,0.6818181818181818,0.75
3,96,8,hellinger,83016,0.6818181818181818,0.75
3,96,8,chi2,83016,0.6818181818181818,0.75
3,96,8,bhattacharyya,83016,0.6818181818181818,0.75
3,96,16,hellinger,83088,0.6818181818181818,0.75
3,96,16,chi2,83088,0.6818181818181818,0.75
3,96,16,bhattacharyya,83088,0.6818181818181818,0.75
3,96,16,jensenshannon,83088,0.6818181818181818,0.75
4,96,16,chi2,147712,0.6818181818181818,0.75
4,96,16,jensenshannon,147712,0.6818181818181818,0.75
4,128,4,hellinger,262208,0.6818181818181818,0.75
4,128,4,bhattacharyya,262208,0.6818181818181818,0.75
4,128,4,jensenshannon,262208,0.6818181818181818,0.75
2,48,4,chi2,9232,0.6363636363636364,0.75
2,48,4,jensenshannon,9232,0.6363636363636364,0.75
2,48,8,hellinger,9248,0.6363636363636364,0.7462121212121212
2,48,8,bhattacharyya,9248,0.6363636363636364,0.7462121212121212
3,24,4,jensenshannon,5220,0.6818181818181818,0.7462121212121211
3,8,4,histogram_intersection,612,0.7272727272727273,0.7424242424242425
3,8,4,total_variation,612,0.7272727272727273,0.7424242424242425
4,8,4,histogram_intersection,1088,0.7272727272727273,0.7424242424242425
4,8,4,total_variation,1088,0.7272727272727273,0.7424242424242425
3,24,4,hellinger,5220,0.6818181818181818,0.7424242424242425
3,24,4,bhattacharyya,5220,0.6818181818181818,0.7424242424242425
3,128,8,jensenshannon,147528,0.6818181818181818,0.7424242424242423
4,128,4,chi2,262208,0.6818181818181818,0.7424242424242423
5,128,4,chi2,409700,0.6818181818181818,0.7424242424242423
2,48,4,hellinger,9232,0.6363636363636364,0.7424242424242423
2,48,4,bhattacharyya,9232,0.6363636363636364,0.7424242424242423
4,128,8,histogram_intersection,262272,0.6363636363636364,0.7424242424242423
4,128,8,total_variation,262272,0.6363636363636364,0.7424242424242423
2,48,8,chi2,9248,0.6363636363636364,0.7401515151515151
3,128,16,jensenshannon,147600,0.6818181818181818,0.7386363636363636
4,8,4,hellinger,1088,0.6818181818181818,0.7386363636363636
4,8,4,bhattacharyya,1088,0.6818181818181818,0.7386363636363636
3,24,16,chi2,5328,0.6818181818181818,0.7363636363636363
3,128,16,hellinger,147600,0.6818181818181818,0.731060606060606
3,128,16,bhattacharyya,147600,0.6818181818181818,0.731060606060606
3,96,16,histogram_intersection,83088,0.6363636363636364,0.7287878787878787
3,96,16,total_variation,83088,0.6363636363636364,0.7287878787878787
3,128,16,chi2,147600,0.6818181818181818,0.7272727272727273
3,96,8,jensenshannon,83016,0.6363636363636364,0.7272727272727273
3,128,8,hellinger,147528,0.6363636363636364,0.7272727272727273
3,128,8,bhattacharyya,147528,0.6363636363636364,0.7272727272727273
3,8,4,chi2,612,0.6818181818181818,0.725
2,48,8,jensenshannon,9248,0.5909090909090909,0.7196969696969697
3,128,4,hellinger,147492,0.6363636363636364,0.7196969696969696
3,128,4,bhattacharyya,147492,0.6363636363636364,0.7196969696969696
3,128,4,jensenshannon,147492,0.6363636363636364,0.7196969696969696
3,128,8,chi2,147528,0.6363636363636364,0.7196969696969696
3,128,4,histogram_intersection,147492,0.6363636363636364,0.7136363636363636
3,128,4,total_variation,147492,0.6363636363636364,0.7136363636363636
2,24,4,chi2,2320,0.6818181818181818,0.712121212121212
2,24,4,jensenshannon,2320,0.6818181818181818,0.712121212121212
3,24,8,hellinger,5256,0.6363636363636364,0.712121212121212
3,24,8,bhattacharyya,5256,0.6363636363636364,0.712121212121212
2,96,8,hellinger,36896,0.6363636363636364,0.7045454545454546
2,96,8,bhattacharyya,36896,0.6363636363636364,0.7045454545454546
3,128,4,chi2,147492,0.6363636363636364,0.7045454545454546
3,8,4,jensenshannon,612,0.6363636363636364,0.7022727272727273
3,24,16,hellinger,5328,0.5909090909090909,0.6984848484848484
3,24,16,bhattacharyya,5328,0.5909090909090909,0.6984848484848484
2,24,16,histogram_intersection,2368,0.6363636363636364,0.696969696969697
2,24,16,total_variation,2368,0.6363636363636364,0.696969696969697
2,24,8,histogram_intersection,2336,0.6363636363636364,0.6931818181818182
2,24,8,total_variation,2336,0.6363636363636364,0.6931818181818182
2,48,16,hellinger,9280,0.5909090909090909,0.6931818181818182
2,48,16,chi2,9280,0.5909090909090909,0.6931818181818182
2,48,16,bhattacharyya,9280,0.5909090909090909,0.6931818181818182
2,48,16,jensenshannon,9280,0.5909090909090909,0.6931818181818182
2,24,4,hellinger,2320,0.6363636363636364,0.6893939393939393
2,24,4,bhattacharyya,2320,0.6363636363636364,0.6893939393939393
2,96,4,histogram_intersection,36880,0.5909090909090909,0.6833333333333333
2,96,4,total_variation,36880,0.5909090909090909,0.6833333333333333
3,128,16,histogram_intersection,147600,0.5909090909090909,0.6833333333333333
3,128,16,total_variation,147600,0.5909090909090909,0.6833333333333333
4,8,16,chi2,1280,0.6818181818181818,0.6818181818181818
4,8,16,jensenshannon,1280,0.6818181818181818,0.6818181818181818
5,8,16,chi2,2000,0.6818181818181818,0.6818181818181818
5,8,16,jensenshannon,2000,0.6818181818181818,0.6818181818181818
6,8,8,hellinger,2592,0.6818181818181818,0.6818181818181818
6,8,8,chi2,2592,0.6818181818181818,0.6818181818181818
6,8,8,bhattacharyya,2592,0.6818181818181818,0.6818181818181818
6,8,8,jensenshannon,2592,0.6818181818181818,0.6818181818181818
6,8,16,hellinger,2880,0.6818181818181818,0.6818181818181818
6,8,16,chi2,2880,0.6818181818181818,0.6818181818181818
6,8,16,bhattacharyya,2880,0.6818181818181818,0.6818181818181818
6,8,16,jensenshannon,2880,0.6818181818181818,0.6818181818181818
2,96,8,histogram_intersection,36896,0.5909090909090909,0.6772727272727272
2,96,8,total_variation,36896,0.5909090909090909,0.6772727272727272
2,24,16,chi2,2368,0.6363636363636364,0.6757575757575758
3,128,8,histogram_intersection,147528,0.5909090909090909,0.6757575757575758
3,128,8,total_variation,147528,0.5909090909090909,0.6757575757575758
2,24,8,jensenshannon,2336,0.6363636363636364,0.6742424242424243
5,8,8,hellinger,1800,0.6363636363636364,0.6704545454545454
5,8,8,bhattacharyya,1800,0.6363636363636364,0.6704545454545454
2,96,8,chi2,36896,0.5454545454545454,0.6704545454545454
5,8,8,jensenshannon,1800,0.6363636363636364,0.6681818181818181
3,8,4,hellinger,612,0.5909090909090909,0.6643939393939394
3,8,4,bhattacharyya,612,0.5909090909090909,0.6643939393939394
2,24,16,jensenshannon,2368,0.6363636363636364,0.662878787878788
2,96,8,jensenshannon,36896,0.5454545454545454,0.6628787878787878
2,96,16,chi2,36928,0.5454545454545454,0.6628787878787878
2,96,16,jensenshannon,36928,0.5454545454545454,0.6628787878787878
6,8,8,histogram_intersection,2592,0.6363636363636364,0.6606060606060605
6,8,8,total_variation,2592,0.6363636363636364,0.6606060606060605
2,24,8,hellinger,2336,0.6363636363636364,0.6590909090909091
2,24,8,bhattacharyya,2336,0.6363636363636364,0.6590909090909091
4,8,8,hellinger,1152,0.6363636363636364,0.6590909090909091
4,8,8,bhattacharyya,1152,0.6363636363636364,0.6590909090909091
4,8,16,hellinger,1280,0.6363636363636364,0.6590909090909091
4,8,16,bhattacharyya,1280,0.6363636363636364,0.6590909090909091
5,8,8,chi2,1800,0.6363636363636364,0.6590909090909091
5,8,16,hellinger,2000,0.6363636363636364,0.6590909090909091
5,8,16,bhattacharyya,2000,0.6363636363636364,0.6590909090909091
2,96,16,hellinger,36928,0.5454545454545454,0.6590909090909091
2,96,16,bhattacharyya,36928,0.5454545454545454,0.6590909090909091
2,128,8,chi2,65568,0.5909090909090909,0.6530303030303031
4,8,8,chi2,1152,0.6363636363636364,0.6515151515151515
4,8,8,jensenshannon,1152,0.6363636363636364,0.6515151515151515
6,8,16,histogram_intersection,2880,0.6363636363636364,0.6515151515151515
6,8,16,total_variation,2880,0.6363636363636364,0.6515151515151515
2,24,8,chi2,2336,0.5909090909090909,0.6515151515151515
3,8,8,jensenshannon,648,0.6363636363636364,0.6477272727272727
2,96,16,histogram_intersection,36928,0.5454545454545454,0.6477272727272727
2,96,16,total_variation,36928,0.5454545454545454,0.6477272727272727
2,96,4,chi2,36880,0.5,0.6477272727272727
3,8,8,chi2,648,0.6363636363636364,0.6454545454545454
2,96,4,hellinger,36880,0.5454545454545454,0.6401515151515151
2,96,4,bhattacharyya,36880,0.5454545454545454,0.6401515151515151
4,8,8,histogram_intersection,1152,0.6363636363636364,0.6363636363636364
4,8,8,total_variation,1152,0.6363636363636364,0.6363636363636364
5,8,8,histogram_intersection,1800,0.6363636363636364,0.6363636363636364
5,8,8,total_variation,1800,0.6363636363636364,0.6363636363636364
2,24,16,hellinger,2368,0.5909090909090909,0.634090909090909
2,24,16,bhattacharyya,2368,0.5909090909090909,0.634090909090909
2,128,16,chi2,65600,0.5454545454545454,0.6325757575757576
3,8,8,hellinger,648,0.5909090909090909,0.6287878787878788
3,8,8,bhattacharyya,648,0.5909090909090909,0.6287878787878788
2,96,4,jensenshannon,36880,0.5,0.625
2,128,4,chi2,65552,0.5454545454545454,0.6242424242424243
2,128,4,histogram_intersection,65552,0.5,0.6242424242424242
2,128,4,total_variation,65552,0.5,0.6242424242424242
2,128,16,jensenshannon,65600,0.5,0.6212121212121212
2,128,4,hellinger,65552,0.5,0.6151515151515151
2,128,4,bhattacharyya,65552,0.5,0.6151515151515151
3,8,8,histogram_intersection,648,0.5909090909090909,0.6136363636363636
3,8,8,total_variation,648,0.5909090909090909,0.6136363636363636
2,128,8,hellinger,65568,0.5,0.6136363636363636
2,128,8,bhattacharyya,65568,0.5,0.6136363636363636
2,128,8,jensenshannon,65568,0.5,0.6128787878787879
2,128,16,hellinger,65600,0.5,0.6113636363636363
2,128,16,bhattacharyya,65600,0.5,0.6113636363636363
2,128,16,histogram_intersection,65600,0.5,0.6098484848484849
2,128,16,total_variation,65600,0.5,0.6098484848484849
2,8,4,histogram_intersection,272,0.5,0.6075757575757575
2,8,4,total_variation,272,0.5,0.6075757575757575
3,8,16,hellinger,720,0.5909090909090909,0.606060606060606
3,8,16,bhattacharyya,720,0.5909090909090909,0.606060606060606
4,8,16,histogram_intersection,1280,0.5909090909090909,0.606060606060606
4,8,16,total_variation,1280,0.5909090909090909,0.606060606060606
5,8,16,histogram_intersection,2000,0.5909090909090909,0.606060606060606
5,8,16,total_variation,2000,0.5909090909090909,0.606060606060606
3,8,16,chi2,720,0.5909090909090909,0.6022727272727273
3,8,16,jensenshannon,720,0.5909090909090909,0.6022727272727273
2,128,8,histogram_intersection,65568,0.5,0.6015151515151516
2,128,8,total_variation,65568,0.5,0.6015151515151516
2,128,4,jensenshannon,65552,0.5,0.5962121212121212
3,8,16,histogram_intersection,720,0.5909090909090909,0.5909090909090909
3,8,16,total_variation,720,0.5909090909090909,0.5909090909090909
2,8,4,chi2,272,0.5,0.581060606060606
2,8,4,jensenshannon,272,0.5,0.5674242424242424
2,8,4,hellinger,272,0.5,0.553030303030303
2,8,4,bhattacharyya,272,0.5,0.553030303030303
2,8,8,chi2,288,0.5,0.553030303030303
2,8,16,chi2,320,0.5,0.5454545454545454
2,8,16,hellinger,320,0.5,0.5378787878787878
2,8,16,bhattacharyya,320,0.5,0.5378787878787878
2,8,16,jensenshannon,320,0.5,0.5378787878787878
2,8,8,histogram_intersection,288,0.5,0.5340909090909091
2,8,8,total_variation,288,0.5,0.5340909090909091
2,8,16,histogram_intersection,320,0.5,0.5340909090909091
2,8,16,total_variation,320,0.5,0.5340909090909091
2,8,8,jensenshannon,288,0.45454545454545453,0.5303030303030303
2,8,8,hellinger,288,0.45454545454545453,0.5166666666666667
2,8,8,bhattacharyya,288,0.45454545454545453,0.5166666666666667
